name,date,date_range,location,image_link,description
Stone tools,3.3 Mya,3.3 Mya,,,– 2.6 Mya: Stone tools - found in modern-day Kenya are older and only found on the archetype road. Ancient stone tools from Ethiopia (Oldowan) were hand-crafted by Australopithecus or related people.[further explanation needed]
control of fire,2.3 Mya,2.3 Mya,,,"Earliest likely control of fire and cooking, by Homo habilis"
Acheulean,1.76 Mya,1.76 Mya,Kenya,,Advanced (Acheulean) stone tools in Kenya by Homo erectus
origin of language,1.75 Mya,1.75 Mya,,,– 150 kya: Varying estimates for the origin of language
Bone tools,1.5 Mya,1.5 Mya,Africa,,Bone tools in Africa by Homo erectus and/or Paranthropus boisei
Boats,900 kya,900 kya,,,– 40 kya: Boats
Hafting,500 kya,500 kya,South Africa,,Hafting in South Africa by Homo heidelbergensis
Woodworking,500 kya,500 kya,Zambia,,"– 450 kya: Woodworking construction in Zambia by Homo heidelbergensis (The oldest known surviving buildings are made from stone and date back no more than 9,500 years.)"
Food storage,420,420,Qesem cave,,"– 200 kya: Food storage in the form of uncracked bones saved for their marrow in Qesem cave, Israel."
Hide and leather,400 kya,400 kya,,,"Hide and leather clothing, footwear and shelter."
Pigments,400 kya,400 kya,Zambia,,Pigments in Zambia by Homo heidelbergensis
Schöningen,337 kya,337 kya,Germany,,– 300 kya: Schöningen Spears in Germany likely by Homo heidelbergensis or early Neandarthals.
trade,320 kya,320 kya,Kenya,,"The trade and long-distance (up to 50 miles) transportation of resources (e.g. obsidian), use of pigments, and possible making of projectile points in Kenya"
Hafting,279 kya,279 kya,Ethiopia,,Hafting and early stone-tipped projectile weapons in Ethiopia
adhesive,200 kya,200 kya,Central Italy,,"Simple glue (adhesive) made of one kind of material, birch tar, in Central Italy by Neanderthals."
Beds,200 kya,200 kya,South Africa,,Beds in South Africa.
Clothing,170 kya,170 kya,Africa,,"– 90 kya: Clothing, among anatomically modern humans in Africa. Genetic evidence from body lice suggests a range of dates centering over 100 thousand years ago. The first bone scrapers appropriate for scraping hides to make supple leather were found in Morocco dating to 90–120,000 years ago."
Beads,135 kya,135 kya,Israel and Algeria,,– 100 kya: Beads in Israel and Algeria — implying string or thread
paints,100 kya,100 kya,South Africa,,Compound paints made in South Africa
burial,100 kya,100 kya,Israel,,Funerals (in the form of burial) in Israel
Harpoons,90 kya,90 kya,,,Harpoons in the Democratic Republic of the Congo.
Sibudu Cave,70 kya,70 kya,Sibudu Cave in South Africa,,– 60 kya in Sibudu Cave in South Africa by Homo sapiens: Compound adhesives Arrows and other evidence of bow-and-arrow technology Sewing needle (implying thread of some kind)
Cave painting,61 kya,61 kya,Spain,,– 62 kya: Cave painting in Spain by Neanderthal
Representational,55,8–51.2 kya,Indonesia,,.8–51.2 kya: Representational and Narrative art in Indonesia by Homo sapiens
Ground stone,49 kya,49–45,,,"– 30 kya: Ground stone tools – fragments of an axe in Australia date to 49–45 ka, more appear in Japan closer to 30 ka, and elsewhere closer to the Neolithic."
ochre,47 kya,47 kya,,,"The oldest-known mines in the world are from Eswatini, and extracted hematite for the production of the red pigment ochre."
shoes,45 kya,45 kya,"China, Fort Rock Cave",,"– 9 kya: Earliest evidence of shoes, suggested by changes in foot bone morphology in China by Tianyuan man. The earliest physical shoes found so far are bark sandals dated to 10 to 9 kya in Fort Rock Cave, United States. The oldest known leather shoe dated to 5.5 kya was found in excellent condition in the Areni-1 cave located in the Vayots Dzor province of Armenia."
Tally sticks,44 kya,44 kya,Eswatini,,– 42 kya: Tally sticks (see Lebombo bone) in Eswatini
Flute,42 kya,42 kya,Germany,,Flute in Germany
Mortar and pestle,37 kya,37 kya,Southwest Asia,,Mortar and pestle in Southwest Asia
Rope,32,32,,,"-28 kya: Rope and Cords for ""hafting stone tools, weaving baskets, or sewing garments,"" according to Elis Kvavadze et al."
Amputation,31 kya,31 kya,,,"Amputation and surgery. Medicine in a meaningful sense likely predates the human-chimpanzee split, as, for example, herbal medicine has been observed in other primates."
Ceramics,28 kya,28 kya,Moravia,,"Ceramics (direct evidence) and weaving (impressions left in the ceramics) in Moravia (Czech Republic) and Georgia. (The oldest piece of woven cloth found so far was in Çatalhöyük, Turkey and dated to about 9,000 years ago.)"
Oldest known ceramic sculpture,24 kya,24 kya,,,Oldest known ceramic sculpture
Domestication of the dog,23 kya,23 kya,Siberia,,Domestication of the dog in Siberia.
Bullroarer,22,22,,,– 17 kya Bullroarer
Fish hook,22 kya,22 kya,Okinawa Island,,"Fish hook in Okinawa Island, modern day Japan."
Star chart,21,21,France,,"– 3.7 kya: Star chart in France, and later Spain, Kashmir, Germany, and Egypt."
Pottery,20,20,China,,– 16 kya: Pottery in China
Spear-thrower,17.5 kya,17.5 kya,France,,"Spear-thrower (atlatl), found in France."
Bread,14.5 kya,14.5 kya,Jordan,,Bread in Jordan
Spindle whorl,12 kya,12 kya,,,"Spindle whorl, also the oldest wheel-like tool, at Nahal Ein Gev II (Israel)"
Agriculture,10,000 BC – 9000 BC,,,",000 BC – 9000 BC: Agriculture in the Fertile Crescent"
Domestication of sheep,10,000 BC – 9000 BC,Southwest Asia,,",000 BC – 9000 BC: Domestication of sheep in Southwest Asia (followed shortly by pigs, goats and cattle)"
Oldest known surviving building,9500 BC,9500 BC,Turkey,,"– 9000 BC: Oldest known surviving building – Göbekli Tepe, in Turkey"
Domestication of rice,9000 BC,9000 BC,China,,– 6000 BC: Domestication of rice in China
Mudbricks,9000 BC,9000 BC,Jericho,,"Mudbricks (unfired bricks), and clay mortar in Jericho."
well,8400 BC,8400 BC,Cyprus,,Oldest known water well in Cyprus.
Pesse canoe,8040,8040,,,"–7510 BC: The Pesse canoe is the oldest boat we have found, while early human habitation of Crete and Australia make clear human seafaring goes back tens or hundreds of thousands of years. (see above)"
Proto-city,8000,8000,,,"–7500 BC: Proto-city – large permanent settlements, such as Tell es-Sultan (Jericho) and Çatalhöyük, Turkey."
potatoes,8000,8000,,,"–5000 BC: Domestication of potatoes, in southern Peru and northwestern Bolivia by pre-Columbian farmers, around Lake Titicaca."
Copper tools,7500,7500,,,"–6500 BC: Copper tools, by the people of the Old Copper Complex from the Great Lakes region of North America."
Alcohol fermentation,7000 BC,7000 BC,China,,"Alcohol fermentation – specifically mead, in China"
Sled dog,7000 BC,7000 BC,Siberia,,"Sled dog and Dog sled, in Siberia."
lead smelting,6500 BC,6500 BC,,,"Evidence of lead smelting in Çatalhöyük, Turkey"
Kiln,6000 BC,6000 BC,Mesopotamia,,Kiln in Mesopotamia (Iraq)
Irrigation,6,6,Khuzistan,,"th millennium BC: Irrigation in Khuzistan, Iran"
Proto-writing,6000 BC,6000 BC,,,"– 3200 BC: Proto-writing in present-day Egypt, Iraq, Romania, China, India and Pakistan."
salt production,5900,5900,Southeastern Europe,,"– 5600 BC: Oldest evidence of salt production found in Southeastern Europe, in the countries of Moldova and Romania."
cheese,5500,5500,Poland and on the Dalmatian coast of Croatia,,"– 5200 BC: Oldest evidence of cheese found, in Poland and on the Dalmatian coast of Croatia."
Sailing,5500 BC,5500 BC,Mesopotamia,,"Sailing - pottery depictions of sail boats, in Mesopotamia, and later ancient Egypt"
Copper smelting,5000 BC,5000 BC,Serbia,,Copper smelting in Serbia.
Seawall,5000 BC,5000 BC,Tel Hreiz,,"Seawall in Tel Hreiz, near Haifa, Israel."
Lacquer,5,5,China,,th millennium BC: Lacquer in China
Cotton,5000 BC,5000 BC,Mehrgarh,,"Cotton thread, in Mehrgarh, Pakistan, connecting the copper beads of a bracelet."
Rowing oars,5000 BC,5000 BC,China,,– 4500 BC: Rowing oars in China
Lost-wax casting,4500 BC,4500 BC,Palestine,,– 3500 BC: Lost-wax casting in Palestine or the Indus Valley
Fired bricks,4400 BC,4400 BC,China,,Fired bricks in China.
roads,4000 BC,4000 BC,,,"Paved roads, in and around the Mesopotamian city of Ur, Iraq."
Plumbing,4000 BC,4000 BC,,,"Plumbing. The earliest pipes were made of clay, and are found at the Temple of Bel at Nippur in Babylonia.[b]"
locks,4000 BC,4000 BC,,,"Oldest evidence of locks, the earliest example discovered in the ruins of Nineveh, the capital of ancient Assyria."
wheels,4000 BC,4000 BC,,,"– 3400 BC: Oldest evidence of wheels, found in the countries of Ukraine, Poland, and Germany."
sericulture,3630 BC,3630 BC,China,,Silk garments (sericulture) in China
domestication of the horse,3500 BC,3500 BC,,,Probable first domestication of the horse in the Eurasian Steppes.
general anaesthesia,3500 BC,3500 BC,Sumer,,Wine as general anaesthesia in Sumer.
Seal (emblem),3500 BC,3500 BC,,,"Seal (emblem) invented around in the Near East, at the contemporary sites of Uruk in southern Mesopotamia and slightly later at Susa in south-western Iran during the Proto-Elamite period, and they follow the development of stamp seals in the Halaf culture or slightly earlier."
Ploughing,3500 BC,3500 BC,,,"Ploughing, on a site in Bubeneč, Czech Republic. Evidence, c. 2800 BC, has also been found at Kalibangan, Indus Valley (modern-day India)."
Tattoos,3400 BC,3400 BC,,,– 3100 BC: Tattoos in southern Europe
swords,3300 BC,3300 BC,Arslantepe,,"The first documented swords. They have been found in Arslantepe, Turkey, are made from arsenical bronze, and are about 60 cm (24 in) long. Some of them are inlaid with silver."
City,3300 BC,3300 BC,Uruk,,"City in Uruk, Sumer, Mesopotamia (modern-day Iraq)."
hats,3250 BC,3250 BC,,,"One of the earliest documented hats was worn by a man (nicknamed Ötzi) whose body and hat found frozen in a mountain between Austria and Italy. He was found wearing a bearskin cap with a chin strap, made of several hides stitched together, resembling a Russian fur hat without the flaps."
Latrines,3200 BC,3200 BC,,,"Dry Latrines in the city of Uruk, Iraq, with later dry squat Toilets, that added raised fired brick foot platforms, and pedestal toilets, all over clay pipe constructed drains."
Ljubljana Marshes Wheel,3200 BC,3200 BC,Slovenia,,"Earliest actual wheel ever found, the Ljubljana Marshes Wheel, made of wood, in Slovenia."
dice,3000 BC,3000 BC,,,"Devices functionally equivalent to dice, in the form of flat two-sided throwsticks, are seen in the Egyptian game of Senet. Perhaps the oldest known dice, resembling modern ones, were excavated as part of a backgammon-like game set at the Burnt City, an archeological site in south-eastern Iran, estimated to be from between 2800 and 2500 BC. Later, terracotta dice were used at the Indus Valley site of Mohenjo-daro (modern-day Pakistan)."
Tin,3000 BC,3000 BC,Central Asia,,Tin extraction in Central Asia
Papyrus,3000 BC,3000 BC,Egypt,,– 2560 BC: Papyrus in Egypt
Reservoir,3000 BC,3000 BC,Girnar,,"Reservoir in Girnar, Indus Valley."
Receipt,3000 BC,3000 BC,Ancient Mesopotamia,,Receipt in Ancient Mesopotamia (Iraq)
Prosthesis,3000 BC,3000 BC,,,"– 2800 BC: Prosthesis first documented in the Ancient Near East, in ancient Egypt and Iran, specifically for an eye prosthetics, the eye found in Iran was likely made of bitumen paste that was covered with a thin layer of gold."
Rhinoplasty,3000 BC,3000 BC,Egypt,,– 2500 BC: Rhinoplasty in Egypt.
Ruler,2650 BC,2650 BC,,,"The Ruler, or Measuring rod, in the subdivided Nippur, copper rod, of the Sumerian Civilisation (modern-day Iraq).[c]"
Planned city,2600 BC,2600 BC,Indus Valley,,Planned city in Indus Valley.
Public sewage and sanitation systems in Indus Valley,2600 BC,2600 BC,,,Public sewage and sanitation systems in Indus Valley sites such as Mohenjo-daro and Rakhigarhi.
Public bath,2600 BC,2600 BC,,,"Public bath in Mohenjo-daro, Indus Valley (modern-day Pakistan)."
Levee,2600 BC,2600 BC,Indus Valley,,Levee in Indus Valley.
Balance weights and scales,2600 BC,2600 BC,,,"Balance weights and scales, from the Fourth Dynasty of Egypt; examples of Deben (unit) balance weights, from reign of Sneferu (c. 2600 BC) have been attributed."
Docks,2556 BC,2556 BC,,,"Docks structure in Wadi al-Jarf, Egypt, which was developed by the reign of the Pharaoh Khufu.[d]"
Puppetry,2500 BC,2500 BC,,,Puppetry in the Indus Valley.
Fork,2400 BC,2400 BC,Bronze Age Qijia culture in China,,Fork in Bronze Age Qijia culture in China
Copper pipes,2400 BC,2400 BC,,,"Copper pipes, the Pyramid of Sahure, an adjoining temple complex at Abusir, was discovered to have a network of copper drainage pipes."
Touchstone,2400 BC,2400 BC,,,Touchstone in the Indus Valley site of Banawali (modern-day India).
Dictionary,2300 BC,2300 BC,Mesopotamia,,Dictionary in Mesopotamia.
Iron smelting,2200 BC,2200 BC,,,– 2000 BC: Iron smelting in Kaman-Kalehöyük.
Protractor,2200 BC,2200 BC,,,"Protractor, Phase IV, Lothal, Indus Valley (modern-day India), a Xancus shell cylinder with sawn grooves, at right angles, in its top and bottom surfaces, has been proposed as an angle marking tool."
Water clock,2000 BC,2000 BC,,,"Water clock by at least the old Babylonian period (c. 2000 – c. 1600 BC), but possibly earlier from Mohenjo-Daro in the Indus Valley."
Chariot,2000 BC,2000 BC,Russia and Kazakhstan,,Chariot in Russia and Kazakhstan
Scissors,2000 BC,2000 BC,Mesopotamia,,"Scissors, in Mesopotamia."
Proto-Sinaitic script,1850 BC,1850 BC,Egypt,,Proto-alphabet (Proto-Sinaitic script) in Egypt.
Surgical treatise,1600 BC,1600 BC,Egypt,,Surgical treatise appeared in Egypt.
Sundial,1500 BC,1500 BC,Ancient Egypt,,Sundial in Ancient Egypt or Babylonia (modern-day Iraq).
Glass,1500 BC,1500 BC,,,Glass manufacture in either Mesopotamia or Ancient Egypt.
Seed drill,1500 BC,1500 BC,,,Seed drill in Babylonia.
Rubber,1400 BC,1400 BC,,,"Rubber, Mesoamerican ballgame."
Concrete,1400 BC,1400 BC,Tiryns,,"– 1200 BC: Concrete in Tiryns (Mycenaean Greece),"
Lathe,1300 BC,1300 BC,Ancient Egypt,,Lathe in Ancient Egypt.
Distillation,1200 BC,1200 BC,,,Distillation is described on Akkadian tablets documenting perfumery operations.
Star catalogue,1100 BC,1100 BC,,,"Star catalogue — Three Stars Each is the earliest known catalogue in long-running tradition of Babylonian astronomy, likely drawing on Sumerian and/or Elamite constellations."
Saddle,700 BC,700 BC,,,Saddle (fringed cloths or pads used by Assyrian cavalry).
Library of Ashurbanipal,7,7,,,"th century BC: The royal Library of Ashurbanipal at Nineveh had 30,000 clay tablets, in several languages, organized according to shape and separated by content. The first recorded example of a library catalog."
Crossbow,650 BC,650 BC,China,,Crossbow in China.
Coins,600 BC,600 BC,Phoenicia,,Coins in Phoenicia (Modern Lebanon) or Lydia.
High Carbon Steel,6,6,,,"th century BC – 10th century AD: High Carbon Steel, produced by the Closed Crucible method, later known as Wootz steel, of South India.[f]"
Sushruta Samhita,6,6,Vedic Northern India,,"th century – 2nd century BC: Systematization of medicine and surgery in the Sushruta Samhita in Vedic Northern India. Documented procedures to: Perform cataract surgery (couching). Babylonian and Egyptian texts, a millennium before, depict and mention oculists, but not the procedure itself. Perform Caesarean section. Construct Prosthetic limbs. Perform Plastic surgery, though reconstructive nasal surgery is described in millennia older Egyptian papyri."
Lighthouse,500 BC,500 BC,Greece,,Lighthouse in Greece.
Toe stirrup,500,500,,,"– 200 BC: Toe stirrup, depicted in 2nd century Buddhist art, of the Sanchi and Bhaja Caves, of the Deccan Satavahana empire (modern-day India) although may have originated as early as 500 BC."
Catapult,485 BC,485 BC,Magadha,,"Catapult by Ajatashatru in Magadha, India."
Ajatashatru,485 BC,485 BC,Magadha,,"Scythed chariot by Ajatashatru in Magadha, India."
Cast iron,5,5,"China, Jiangsu province",,"th century BC: Cast iron in Ancient China: Confirmed by archaeological evidence, the earliest cast iron is developed in China by the early 5th century BC during the Zhou dynasty (1122–256 BC), the oldest specimens found in a tomb of Luhe County in Jiangsu province."
Spiral stairs,480 BC,480 BC,Selinunte,,"Spiral stairs (Temple A) in Selinunte, Sicily (see also List of ancient spiral stairs)"
zero,400,400,,,and 300 BC: Invention of the concept of zero in Babylon (now Iraq). It was invented independently by the Maya in the first few centuries A.D
Traction trebuchet,4,4,Ancient China,,th century BC: Traction trebuchet in Ancient China.
Gears,4,4,Ancient China,,th century BC: Gears in Ancient China
Reed pens,4,4,Egypt,,"th century BC: Reed pens, utilising a split nib, were used to write with ink on Papyrus in Egypt."
Horseshoe,4,4,,,"th century BC: Nailed Horseshoe, with 4 bronze shoes found in an Etruscan tomb."
Animal-driven rotary mill,375 BC,375 BC,Carthage,,– 350 BC: Animal-driven rotary mill in Carthage.
Zinc production,4,4,Rajasthan,,"th to 3rd century BC: Zinc production in North-Western India during the Maurya Empire. The earliest known zinc mines and smelting sites are from Zawar, near Udaipur, in Rajasthan."
Analog computers,3,3,Rhodes,,"rd century BC: Analog computers in the Hellenistic world (see e.g. the Antikythera mechanism), possibly in Rhodes."
Cam,3,3,,,"rd century BC: Cam during the Hellenistic period, used in water-driven automata."
Gimbal,3,3,,,rd century BC: Gimbal described by Philo of Byzantium
Blast furnace,3,3,,,"rd century BC – 2nd century BC: Blast furnace in Ancient China: The earliest discovered blast furnaces in China date to the 3rd and 2nd centuries BC, although most sites are from the later Han dynasty."
Paper,2,2,Han dynasty China,,nd century BC: Paper in Han dynasty China[g]
Compass,206 BC,206 BC,Han dynasty China,,Compass in Han dynasty China
arch bridge,1,1,Italy,,"st century BC: Segmental arch bridge (e.g. Pont-Saint-Martin or Ponte San Lorenzo) in Italy, Roman Republic"
newspaper,1,1,,,"st century BC: News bulletin during the reign of Julius Caesar. A paper form, i.e. the earliest newspaper, later appeared during the late Han dynasty in the form of the Dibao."
Arch dam,1,1,Gallia Narbonensis,,"st century BC: Arch dam (Glanum Dam) in Gallia Narbonensis, Roman Republic (see also List of Roman dams)"
Glass blowing,37 BC,37 BC,Jerusalem,,– 14 BC: Glass blowing developed in Jerusalem.
Noodle,25 BC,25 BC,Lajia in China,,Noodle in Lajia in China
aeolipile,1,1,,,"st century AD: The aeolipile, a simple steam turbine is recorded by Hero of Alexandria."
respiratory protective equipment,1,1,Roman mines from red lead oxide dust,,st century AD: The first use of respiratory protective equipment is documented by Pliny the Elder (c. 23 AD–79) using animal bladder skins to protect workers in Roman mines from red lead oxide dust.
wine,1,1,,,st century AD: Oldest surviving wine.
Vending machines,1,1,,,st century AD: Vending machines invented by Hero of Alexandria
Seismometer,132,132,Han dynasty China,,"Seismometer and pendulum in Han dynasty China, built by Zhang Heng. It is a large metal urn-shaped instrument which employed either a suspended pendulum or inverted pendulum acting on inertia, like the ground tremors from earthquakes, to dislodge a metal ball by a lever trip device."
Carding,2,2,India,,nd century: Carding in India.
Chaturanga,280,280,India during the Gupta Empire,,"– 550: Chaturanga, a precursor of Chess was invented in India during the Gupta Empire."
Dichroic glass,4,4,,,"th century: Roman Dichroic glass, which displays one of two different colors depending on lighting conditions."
Simple suspension bridge,4,4,Tibet,,"th century: Simple suspension bridge, independently invented in Pre-Columbian South America, and the Hindu Kush range, of present-day Afghanistan and Pakistan. With Han dynasty travelers noting bridges being constructed from 3 or more vines or 3 ropes. Later bridges constructed utilizing cables of iron chains appeared in Tibet."
Fishing reel,4,4,,,"th century: Fishing reel in Ancient China: In literary records, the earliest evidence of the fishing reel comes from a 4th-century AD work entitled Lives of Famous Immortals."
Oil Wells,347,347,China,,Oil Wells and Borehole drilling in China. Such wells could reach depths of up to 240 m (790 ft).
Paddle wheel boat,4,4,Roman Empire,,th century – 5th century: Paddle wheel boat (in De rebus bellicis) in Roman Empire
Iron pillar of Delhi,400,400,"Mathura, Ancient India",,"The construction of the Iron pillar of Delhi in Mathura by the Gupta Empire shows the development of rust-resistant ferrous metallurgy in Ancient India, although original texts do not survive to detail the specific processes invented in this period."
horse collar,5,5,,,"th century: The horse collar as a fully developed collar harness is developed in Northern and Southern dynasties China during the 5th century AD. The earliest depiction of it is a Dunhuang cave mural from the Chinese Northern Wei dynasty, the painting dated to 477–499."
Pointed arch bridge,5,5,Cappadocia,,"th century – 6th century: Pointed arch bridge (Karamagara Bridge) in Cappadocia, Eastern Roman Empire"
Pendentive,563,563,Constantinople,,"Pendentive dome (Hagia Sophia) in Constantinople, Eastern Roman Empire"
Sulfur matches,577,577,China,,Sulfur matches exist in China
Toilet paper,589,531–591,Sui dynasty China,,"Toilet paper in Sui dynasty China, first mentioned by the official Yan Zhitui (531–591), with full evidence of continual use in subsequent dynasties."
Toothbrush,619,619,China during the Tang dynasty,,Toothbrush in China during the Tang dynasty
Greek fire,672,672,Constantinople,,"Greek fire in Constantinople, Byzantine Empire: Greek fire, an incendiary weapon likely based on petroleum or naphtha, is invented by Kallinikos, a Lebanese Greek refugee from Baalbek, as described by Theophanes. However, the historicity and exact chronology of this account is dubious, and it could be that Kallinikos merely introduced an improved version of an established weapon."
Banknote,7,7,China during the Tang and Song dynasties,,"th century: Banknote in Tang dynasty China: The banknote is first developed in China during the Tang and Song dynasties, starting in the 7th century. Its roots are in merchant receipts of deposit during the Tang dynasty (618–907), as merchants and wholesalers desire to avoid the heavy bulk of copper coinage in large commercial transactions."
Porcelain,7,7,,,"th century: Porcelain in Tang dynasty China: True porcelain is manufactured in northern China from roughly the beginning of the Tang dynasty in the 7th century, while true porcelain was not manufactured in southern China until about 300 years later, during the early 10th century."
Gunpowder,9,9,,,"th century: Gunpowder in Tang dynasty China: Gunpowder is, according to prevailing academic consensus, discovered in the 9th century by Chinese alchemists searching for an elixir of immortality. Evidence of gunpowder's first use in China comes from the Five Dynasties and Ten Kingdoms period (618–907). The earliest known recorded recipes for gunpowder are written by Zeng Gongliang, Ding Du, and Yang Weide in the Wujing Zongyao, a military manuscript compiled in 1044 during the Song dynasty (960–1..."
Playing card,9,9,Tang dynasty China,,th century: Playing card in Tang dynasty China
Fire lance,10,10,Song dynasty China,,"th century: Fire lance in Song dynasty China, developed in the 10th century with a tube of first bamboo and later on metal that shot a weak gunpowder blast of flame and shrapnel, its earliest depiction is a painting found at Dunhuang. Fire lance is the earliest firearm in the world and one of the earliest gunpowder weapons."
Fireworks,10,10,China during the Song dynasty,,"th century: Fireworks in Song dynasty China: Fireworks first appear in China during the Song dynasty (960–1279), in the early age of gunpowder. Fireworks could be purchased from market vendors; these were made of sticks of bamboo packed with gunpowder."
Fountain pen,974,974,Arab Egypt,,Fountain pen: invented at the request of al-Mu'izz li-Din Allah in Arab Egypt.
Bessemer process,11,11,China,,th century: Early versions of the Bessemer process are developed in China.
Endless power-transmitting chain drive,11,11,,,th century: Endless power-transmitting chain drive by Su Song for the development an astronomical clock (the Cosmic Engine)
Calico,11,11,Calicut,,"th century: Calico was developed in Calicut, India."
Movable type,1088,1088,,,"Movable type in Song dynasty China: The first record of a movable type system is in the Dream Pool Essays, which attributes the invention of the movable type to Bi Sheng."
Rocket,13,13,,,th century: Rocket for military and recreational uses date back to at least 13th-century China.
mechanical escapement,13,13,Europe,,"th century: The earliest form of mechanical escapement, the verge escapement in Europe."
Buttons,13,13,Germany,,th century: Buttons (combined with buttonholes) as a functional fastening for closing clothes appear first in Germany.
Explosive bomb,13,13,,,"th century: Explosive bomb in Jin dynasty Manchuria: Explosive bombs are used in 1221 by the Jin dynasty against a Song dynasty city. The first accounts of bombs made of cast iron shells packed with explosive gunpowder are documented in the 13th century in China and are called ""thunder-crash bombs"", coined during a Jin dynasty naval battle in 1231."
Hand cannon,13,13,,,"th century: Hand cannon in Yuan dynasty China: The earliest hand cannon dates to the 13th century based on archaeological evidence from a Heilongjiang excavation. There is also written evidence in the Yuanshi (1370) on Li Tang, an ethnic Jurchen commander under the Yuan dynasty who in 1288 suppresses the rebellion of the Christian prince Nayan with his ""gun-soldiers"" or chongzu, this being the earliest known event where this phrase is used."
snow goggles,13,13,,,"th century: Earliest documented snow goggles, a type of sunglasses, made of flattened walrus or caribou ivory are used by the Inuit peoples in the arctic regions of North America. In China, the first sunglasses consisting of flat panes of smoky quartz are documented."
Double-entry bookkeeping,13,13,Italy,,th century: Double-entry bookkeeping in Italy.
Worm gear cotton gin,13,13,India,,th century - 14th century: Worm gear cotton gin in India.
Land mine,1277,1277,,,"Land mine in Song dynasty China: Textual evidence suggests that the first use of a land mine in history is by a Song dynasty brigadier general known as Lou Qianxia, who uses an 'enormous bomb' (huo pao) to kill Mongol soldiers invading Guangxi in 1277."
Eyeglasses,1286,1286,Italy,,Eyeglasses in Italy
Canvas,14,14,Italy,,th century: Painting Canvas was first used in Italy.
Jacob's staff,14,14,,,th century: Jacob's staff described by Levi ben Gerson
Naval mine,14,14,,,"th century: Naval mine in Ming dynasty China: Mentioned in the Huolongjing military manuscript written by Jiao Yu (fl. 14th to early 15th century) and Liu Bowen (1311–1375), describing naval mines used at sea or on rivers and lakes, made of wrought iron and enclosed in an ox bladder. A later model is documented in Song Yingxing's encyclopedia written in 1637."
Bidriware,14,14,India,,th century: Bidriware in the Bahmani Sultanate in India.
handgun,1364,1364,,,first use of a handgun
Mainspring,15,15,Europe,,th century: Mainspring in Europe
Brace,1420,1420,Flanders,,"s: Brace in Flanders, Holy Roman Empire"
Printing press,1439,1439,Mainz,,"Printing press in Mainz, Germany: The printing press is invented in the Holy Roman Empire by Johannes Gutenberg before 1440, based on existing screw presses. The first confirmed record of a press appeared in a 1439 lawsuit against Gutenberg."
Mariner's astrolabe,1480,1480,Portuguese circumnavigation of Africa,,s: Mariner's astrolabe in Portuguese circumnavigation of Africa
Chintz,16,16,Golconda,,"th century: Chintz or printed clothing in Golconda, India"
Hookah,16,16,,,"th century: Hookah by Irfan Shaikh, at the court of the Mughal emperor Akbar I"
Rifling,1540,1540,,,"Rifling is first used in firearms, after being invented in 1498"
Floating dry dock,1560,1560,Venice,,"Floating dry dock in Venice, Venetian Republic"
Mercator Projection,1569,1569,,,Mercator Projection map created by Gerardus Mercator
Stocking frame,1589,1589,,,Stocking frame: Invented by William Lee.
Backstaff,1594,1594,,,Backstaff: Invented by Captain John Davis
Newspaper,1605,1605,Strassburg,,Newspaper (Relation): Johann Carolus in Strassburg (see also List of the oldest newspapers)
Telescope,1608,1608,,,Telescope: Patent applied for by Hans Lippershey. Actual inventor unknown since it seemed to already be a common item being offered by the spectacle makers in the Netherlands with Jacob Metius also applying for patent and the son of Zacharias Janssen making a claim 47 years later that his father invented it.
Compound microscopes,1620,1620,Europe,,"Compound microscopes, which combine an objective lens with an eyepiece to view a real image, first appear in Europe. Apparently derived from the telescope, actual inventor unknown, variously attributed to Zacharias Janssen (his son claiming it was invented in 1590), Cornelis Drebbel, and Galileo Galilei."
Slide rule,1630,1630,,,Slide rule: invented by William Oughtred
flintlock,1630,1630,,,first use of the flintlock
Mechanical calculator,1642,1642,,,Mechanical calculator. The Pascaline is built by Blaise Pascal.
Barometer,1643,1643,,,"Barometer: invented by Evangelista Torricelli, or possibly up to three years earlier by Gasparo Berti."
Vacuum pump,1650,1650,,,Vacuum pump: Invented by Otto von Guericke.
Pendulum clock,1656,1656,,,Pendulum clock: Invented by Christiaan Huygens. It was first conceptualized in 1637 by Galileo Galilei but he was unable to create a working model.
reflecting telescope,1668,1668,,,First functional reflecting telescope constructed by Isaac Newton.
Pressure-cooker,1679,1679,,,Pressure-cooker: Invented by Denis Papin.
Christiaan Huygens,1680,1680,,,Christiaan Huygens provides the first known description of a piston engine.
Thomas Savery,1698,1698,,,Thomas Savery develops a steam-powered water pump: for draining mines
Bartolomeo Cristofori,1709,1709,,,"Bartolomeo Cristofori crafts the first piano, which became a leading instrument of Western art music"
Thomas Newcomen,1712,1712,,,Thomas Newcomen builds the first commercial steam engine to pump water out of mines.
Lewis Paul,1738,1738,,,"Lewis Paul and John Wyatt invent the first mechanized cotton spinning machine, helping to establish the British textile industry"
Musschenbroek,1745,1745,,,"Musschenbroek and Kleist independently develop the Leyden jar, an early form of capacitor."
John Roebuck,1746,1746,,,"John Roebuck invents the lead chamber process, mass producing sulfuric acid for manufacturing"
William Cullen,1755,1755,,,William Cullen invents the first artificial refrigeration machine
James Hargreaves,1764,1764,,,"James Hargreaves invents the spinning jenny, revolutionizing textile production during the Industrial Revolution"
Nicolas-Joseph Cugnot,1769,1769,,,"Nicolas-Joseph Cugnot invents the first steam-powered vehicle capable of carrying passengers, an early car"
John Wilkinson,1774,1774,,,"John Wilkinson invents his boring machine, considered by some to be the first machine tool"
Jesse Ramsden,1775,1775,,,Jesse Ramsden invents the modern screw-cutting lathe
John Wilkinson,1776,1776,,,John Wilkinson invents a mechanical air compressor that would become the prototype for all later mechanical compressors
Hyder Ali,1780,1780,,,"Hyder Ali of Mysore, India develops the first metal-cylinder rockets."
Claude de Jouffroy,1783,1783,,,Claude de Jouffroy builds the first steamboat
Joseph-Ralf,1783,1783,,,Joseph-Ralf and Jacques-Étienne Montgolfier build the first manned hot air balloon
Louis-Sébastien Lenormand,1783,1783,,,Louis-Sébastien Lenormand invents and uses the first modern parachute
Martinus van Marum,1785,1785,,,Martinus van Marum is the first to use the electrolysis technique
Andrew Meikle,1786,1786,,,Andrew Meikle invents the threshing machine
Edmund Cartwright,1789,1789,,,Edmund Cartwright invents the power loom
Claude Chappe,1792,1792,,,Claude Chappe invents the semaphore telegraph
Eli Whitney,1793,1793,,,Eli Whitney invents the modern cotton gin
Joseph Bramah,1795,1795,,,Joseph Bramah invents the hydraulic press
Alois Senefelder,1796,1796,,,Alois Senefelder invents the lithography printing technique.
vaccine,1796,1796,,,Edward Jenner invented the vaccine and inoculates an individual for smallpox
paper machine,1799,1799,,,The first paper machine is invented by Louis-Nicolas Robert
Alessandro Volta,1800,1800,Italy,,"Alessandro Volta invents the voltaic pile, an early form of battery in Italy, based on previous works by Luigi Galvani."
Humphry Davy,1802,1802,,,Humphry Davy invents the arc lamp (exact date unclear; not practical as a light source until the invention of efficient electric generators).
Friedrich Sertürner,1804,1804,,,Friedrich Sertürner discovers morphine as the first active alkaloid extracted from the opium poppy plant.
Joseph Marie Jacquard,1804,1804,,,Joseph Marie Jacquard develops his automated Jacquard loom.
Richard Trevithick,1804,1804,,,Richard Trevithick invents the steam locomotive.
Hanaoka Seishū,1804,1804,,,"Hanaoka Seishū creates tsūsensan, the first modern general anesthetic."
Nicéphore Niépce,1807,1807,,,Nicéphore Niépce invents an early internal combustion engine capable of doing useful work.
François Isaac de Rivaz,1807,1807,,,François Isaac de Rivaz designs the first automobile powered by an internal combustion engine fuelled by hydrogen.
Robert Fulton,1807,1807,,,Robert Fulton expands water transportation and trade with the workable steamboat.
Nicolas Appert,1810,1810,,,Nicolas Appert invents the canning process for food.
Abraham-Louis Breguet,1810,1810,,,Abraham-Louis Breguet creates the first wristwatch.
Friedrich Koenig,1811,1811,,,"Friedrich Koenig invents the first powered printing press, which was also the first to use a cylinder."
William Reid Clanny,1812,1812,,,William Reid Clanny pioneered the invention of the safety lamp which he improved in later years. Safety lamps based on Clanny's improved design were used until the adoption of electric lamps.
James Fox,1814,1814,,,"James Fox invents the modern planing machine, though Matthew Murray of Leeds and Richard Roberts of Manchester have also been credited at times with its invention."
René Laennec,1816,1816,,,René Laennec invents the first Stethoscope.
Francis Ronalds,1816,1816,,,Francis Ronalds builds the first working electric telegraph using electrostatic means.
Robert Stirling,1816,1816,,,Robert Stirling invents the Stirling engine.
Karl von Drais,1817,1817,,,"Baron Karl von Drais invents the dandy horse, an early velocipede and precursor to the modern bicycle."
Marc Isambard Brunel,1818,1818,,,Marc Isambard Brunel invents the tunnelling shield.
Thomas Blanchard,1822,1822,,,"Thomas Blanchard invents the pattern-tracing lathe (actually more like a shaper). The lathe can copy symmetrical shapes and is used for making gun stocks, and later, ax handles."
Nicéphore Niépce,1822,1822,,,"Nicéphore Niépce invents Heliography, the first photographic process."
Charles Babbage,1822,1822,,,"Charles Babbage, considered the ""father of the computer"", begins building the first programmable mechanical computer."
Johann Wolfgang Döbereiner,1823,1823,,,Johann Wolfgang Döbereiner invents the first lighter.
Johann Nikolaus von Dreyse,1824,1824,,,Johann Nikolaus von Dreyse invents the bolt-action rifle.
William Sturgeon,1824,1824,,,William Sturgeon invents the electromagnet.
John Walker,1826,1826,,,John Walker invents the friction match.
gas stove,1826,1826,,,James Sharp invents and goes on to manufacture the first practical gas stove.
James Beaumont Neilson,1828,1828,,,James Beaumont Neilson develops the hot blast process.
Patrick Bell,1828,1828,,,Patrick Bell invents the reaping machine.
Ányos Jedlik,1828,1828,,,Hungarian physicist Ányos Jedlik invents the first commutated rotary electromechanical machine with electromagnets.
Louis Braille,1829,1829,,,Louis Braille invents the Braille reading system for the blind.
air compressor,1829,1829,,,William Mann invents the compound air compressor.
Henry Robinson Palmer,1829,1829,,,Henry Robinson Palmer is awarded a patent for corrugated galvanised iron.
Edwin Budding,1830,1830,,,Edwin Budding invents the lawn mower.
Michael Faraday,1831,1831,,,Michael Faraday invents a method of electromagnetic induction. It would be independently invented by Joseph Henry the following year. Faraday is credited with inventing the first electric generator called the Faraday disk.
Charles Babbage,1833,1833,,,"Charles Babbage introduces his ""mechanical calculating machine"", the first mechanical computer"
Moritz von Jacobi,1834,1834,,,Moritz von Jacobi invents the first practical electric motor.
Joseph Henry,1835,1835,,,Joseph Henry invents the electromechanical relay.
Samuel Morse,1837,1837,,,Samuel Morse invents Morse code.
Moritz von Jacobi,1838,1838,,,Moritz von Jacobi invents electrotyping.
William Otis,1839,1839,,,William Otis invents the steam shovel.
James Nasmyth,1839,1839,,,James Nasmyth invents the steam hammer.
Edmond Becquerel,1839,1839,,,"Edmond Becquerel invents a method for the photovoltaic effect, effectively producing the first solar cell."
Charles Goodyear,1839,1839,,,Charles Goodyear invents vulcanized rubber.
Louis Daguerre,1839,1839,,,Louis Daguerre invents daguerreotype photography.
Kirkpatrick Macmillan,1839,1839,,,Kirkpatrick Macmillan invents the first bicycle
John Herschel,1840,1840,,,John Herschel invents the blueprint.
Alexander Bain,1841,1841,,,Alexander Bain devises a printing telegraph.
William Robert Grove,1842,1842,,,William Robert Grove invents the first fuel cell.
John Bennet Lawes,1842,1842,,,"John Bennet Lawes invents superphosphate, the first man-made fertilizer."
Friedrich Gottlob Keller,1844,1844,,,"Friedrich Gottlob Keller and, independently, Charles Fenerty come up with the wood pulp method of paper production."
Francis Rynd,1844,1844,,,Francis Rynd invents the hypodermic needle.
Horace Wells,1844,1844,,,Horace Wells successfully used nitrous oxide as an anesthesia
Isaac Charles Johnson,1845,1845,,,Isaac Charles Johnson invents modern Portland cement.
tunnel boring machine,1846,1846,,,Henri-Joseph Maus invents the tunnel boring machine.
Elias Howe,1846,1846,,,"Elias Howe received a patent for a sewing machine, the model for the Singer Sewing Machine"
Ascanio Sobrero,1847,1847,,,"Ascanio Sobrero invents nitroglycerin, the first explosive made that was stronger than black powder."
pneumatic drill,1848,1848,,,Jonathan J. Couch invents the pneumatic drill.
Linus Yale Sr.,1848,1848,,,Linus Yale Sr. invents the first modern pin tumbler lock.
Walter Hunt,1849,1849,,,Walter Hunt invents the first repeating rifle to use metallic cartridges (of his own design) and a spring-fed magazine.
James B. Francis,1849,1849,,,James B. Francis invents the Francis turbine.
William Armstrong,1850,1850,,,William Armstrong invents the hydraulic accumulator.
George Jennings,1851,1851,,,"George Jennings offers the first public flush toilets, accessible for a penny per visit, and in 1852 receives a UK patent for the single piece, free standing, earthenware, trap plumed, flushing, water-closet."
Robert Bunsen,1852,1852,,,Robert Bunsen is the first to use a chemical vapor deposition technique.
Elisha Otis,1852,1852,,,Elisha Otis invents the safety brake elevator.
Henri Giffard,1852,1852,,,"Henri Giffard becomes the first person to make a manned, controlled and powered flight using a dirigible."
reinforced concrete,1853,1853,,,François Coignet invents reinforced concrete.
James Clerk Maxwell,1855,1855,,,"James Clerk Maxwell invents the first practical method for color photography, whether chemical or electronic."
Henry Bessemer,1855,1855,,,"Henry Bessemer patents the Bessemer process for making steel, with improvements made by others over the following years."
Alexander Parkes,1856,1856,,,"Alexander Parkes invents parkesine, also known as celluloid, the first man-made plastic."
James Harrison,1856,1856,Geelong,,"James Harrison produces the world's first practical ice making machine and refrigerator using the principle of vapour compression in Geelong, Australia."
William Henry Perkin,1856,1856,,,"William Henry Perkin invents mauveine, the first synthetic dye."
Heinrich Geissler,1857,1857,,,Heinrich Geissler invents the Geissler tube.
phonautograph,1857,1857,,,"The phonautograph, the earliest known device for recording sound, is patented and invented by Frenchman Édouard-Léon Scott de Martinville."
Gaston Planté,1859,1859,,,"Gaston Planté invents the lead acid battery, the first rechargeable battery."
Joseph Swan,1860,1860,,,Joseph Swan produces carbon fibers.
Richard Jordan Gatling,1862,1862,,,"Richard Jordan Gatling invents the Gatling gun, the first multi-barrel rapid-fire gun."
Louis Pasteur,1864,1864,,,Louis Pasteur invents the pasteurization process.
Carl Wilhelm Siemens,1865,1865,,,Carl Wilhelm Siemens and Pierre-Émile Martin invent the Siemens-Martin process for making steel.
Alfred Nobel,1867,1867,,,"Alfred Nobel invents dynamite, the first safely manageable explosive stronger than black powder."
barbed wire,1867,1867,,,Lucien B. Smith invents barbed wire.
Polyvinyl chloride,1872,1872,,,"Polyvinyl chloride, more commonly known as vinyl, is synthesized by German chemist Eugen Baumann."
stainless steel,1872,1872,,,J. E. T. Woods and J. Clark invent stainless steel. Harry Brearley is the first to commercialize it.
Frederick Ransome,1873,1873,,,Frederick Ransome invents the rotary kiln.
William Crookes,1873,1873,,,"William Crookes, a chemist, invents the Crookes radiometer as the by-product of some chemical research."
Zénobe Gramme,1873,1873,,,"Zénobe Gramme invents the first commercial electrical generator, the Gramme machine."
Gustave Trouvé,1874,1874,,,Gustave Trouvé invents the first metal detector.
Ferdinand von Zeppelin,1874,1874,,,Ferdinand von Zeppelin invents the Zeppelin rigid airship.
Fyodor Pirotsky,1875,1875,,,"Fyodor Pirotsky invents the first electric tram near Saint Petersburg, Russia."
Nicolaus August Otto,1876,1876,,,Nicolaus August Otto invents the four-stroke cycle.
Alexander Graham Bell,1876,1876,,,"Alexander Graham Bell has a patent granted for the telephone. However, other inventors before Bell had worked on the development of the telephone and the invention had several pioneers."
Thomas Edison,1877,1877,,,Thomas Edison invents the first working phonograph.
Henry Fleuss,1878,1878,,,Henry Fleuss is granted a patent for the first practical rebreather.
Lester Allan Pelton,1878,1878,,,"Lester Allan Pelton invents the Pelton wheel, a type of water turbine."
Joseph Swan,1879,1879,,,"Joseph Swan and Thomas Edison both patent a functional incandescent light bulb. Some two dozen inventors had experimented with electric incandescent lighting over the first three-quarters of the 19th century but never came up with a practical design. Swan's, which he had been working on since the 1860s, had a low resistance so was only suited for small installations. Edison designed a high-resistance bulb as part of a large-scale commercial electric lighting utility."
Nikolay Benardos,1881,1881,,,"Nikolay Benardos presents carbon arc welding, the first practical arc welding method."
Hiram Maxim,1884,1884,,,"Hiram Maxim invents the recoil-operated Maxim gun, ushering in the age of semi- and fully automatic firearms."
Paul Vieille,1884,1884,,,"Paul Vieille invents Poudre B, the first smokeless powder for firearms."
Charles Parsons,1884,1884,,,Sir Charles Parsons invents the modern steam turbine.
Károly Zipernowsky,1884,1884,,,"Hungarian engineers Károly Zipernowsky, Ottó Bláthy and Miksa Déri invent the closed core high efficiency transformer and the AC parallel power distribution."
John Kemp Starley,1885,1885,,,John Kemp Starley invents the modern safety bicycle.
Carl Gassner,1886,1886,,,"Carl Gassner invents the zinc–carbon battery, the first dry cell battery, making portable electronics practical."
Charles Martin Hall,1886,1886,,,Charles Martin Hall and independently Paul Héroult invent the Hall–Héroult process for economically producing aluminum in 1886.
Karl Benz,1886,1886,,,Karl Benz invents the first petrol or gasoline powered auto-mobile (car).
Carl Josef Bayer,1887,1887,,,Carl Josef Bayer invents the Bayer process for the production of alumina.
James Blyth,1887,1887,,,James Blyth invents the first wind turbine used for generating electricity.
John Stewart MacArthur,1887,1887,,,"John Stewart MacArthur, working in collaboration with brothers Dr. Robert and Dr. William Forrest, develops the process of gold cyanidation."
John J. Loud,1888,1888,,,John J. Loud invents the ballpoint pen.
Thomas Edison,1888,1888,,,Thomas Edison and William Kennedy Dickson invent the Kinetoscope.
pneumatic tire,1888,1888,,,"The first practical pneumatic tire was made by Scotsman John Boyd Dunlop, the patent was from 1847 by Robert William Thomson"
Frédéric Swarts,1890,1890,,,s: Frédéric Swarts invents the first chlorofluorocarbons to be applied as refrigerant.
Robert Gair,1890,1890,,,Robert Gair invents the pre-cut cardboard box.
Whitcomb Judson,1891,1891,,,Whitcomb Judson invents the zipper.
Léon Bouly,1892,1892,,,Léon Bouly invents the cinematograph.
Thomas Ahearn,1892,1892,,,Thomas Ahearn invents the electric oven.
John Froelich,1892,1892,,,John Froelich invented the gas-powered tractor
Rudolf Diesel,1893,1893,,,Rudolf Diesel invents the diesel engine (although Herbert Akroyd Stuart had experimented with compression ignition before Diesel).
William Stewart Halsted,1893,1893,,,"William Stewart Halsted, invents the rubber glove for his wife Caroline Hampton as he noticed her hands were affected by the daily surgeries she had performed. The gloves were intended to prevent medical staff from developing dermatitis from surgical chemicals. The first modern disposable glove was created by Ansell Rubber Co. Pty. Ltd. in 1965."
Guglielmo Marconi,1895,1895,,,"Guglielmo Marconi invents the radio, a system of wireless communication using radio waves."
Wilhelm Conrad Röntgen,1895,1895,,,Wilhelm Conrad Röntgen invented the first radiograph (X-ray).
Surgical masks,1897,1897,"Europe, Paris",,"Surgical masks made of cloth were developed in Europe by physicians Jan Mikulicz-Radecki at the University of Breslau and Paul Berger in Paris, as a result of increasing awareness of germ theory and the importance of antiseptic procedures in medicine."
Hans von Pechmann,1898,1898,,,"Hans von Pechmann synthesizes polyethylene, now the most common plastic in the world."
Waldemar Jungner,1899,1899,,,Waldemar Jungner invents the rechargeable nickel-cadmium battery (NiCd) as well as the nickel-iron electric storage battery (NiFe) and the rechargeable alkaline silver-cadmium battery (AgCd)
vacuum cleaner,1901,1901,,,"The first motorized cleaner using suction, a powered ""vacuum cleaner"", is patented independently by Hubert Cecil Booth and David T. Kenney."
gas turbine,1903,1903,,,The first successful gas turbine is invented by Ægidius Elling.
laminated glass,1903,1903,,,Édouard Bénédictus invents laminated glass.
Fleming valve,1904,1904,,,"The Fleming valve, the first vacuum tube and diode, is invented by John Ambrose Fleming."
Leo Baekeland,1907,1907,,,"Leo Baekeland invents bakelite, the first plastic made from synthetic components."
ramjet,1907,1907,,,The tuyères thermopropulsives after 1945 (Maurice Roy (fr)) known as the statoreacteur a combustion subsonique (the ramjet) – R. Lorin
Cellophane,1908,1908,,,Cellophane is invented by Jacques E. Brandenberger.
Fritz Haber,1909,1909,,,Fritz Haber invents the Haber process.
cloud chamber,1911,1911,,,"The cloud chamber, the first particle detector, is invented by Charles Thomson Rees Wilson."
Bergius process,1913,1913,,,The Bergius process is developed by Friedrich Bergius.
Kaplan turbine,1913,1913,,,The Kaplan turbine is invented by Viktor Kaplan.
Harry Brearley,1915,1915,,,"Harry Brearley invents a process to create Martensitic stainless steel, initially labelled Rustless Steel, later marketed as Staybrite, and AISI Type 420."
tanks,1915,1915,Great Britain and France,,"The first operational military tanks are designed in Great Britain and France. They are used in battle from 1916 and 1917 respectively. The designers in Great Britain are Walter Wilson and William Tritton and in France, Eugène Brillié. (Although it is known that vehicles incorporating at least some of the features of the tank were designed in a number of countries from 1903 onward, none reached a practical form.)"
Czochralski process,1916,1916,,,"The Czochralski process, widely used for the production of single crystal silicon, is invented by Jan Czochralski."
crystal oscillator,1917,1917,,,The crystal oscillator is invented by Alexander M. Nicolson using a crystal of Rochelle Salt although his priority was disputed by Walter Guyton Cady.
Fischer–Tropsch process,1925,1925,,,The Fischer–Tropsch process is developed by Franz Fischer and Hans Tropsch at the Kaiser-Wilhelm-Institut für Kohlenforschung.
Yagi-Uda Antenna,1926,1926,,,"The Yagi-Uda Antenna or simply Yagi Antenna is invented by Shintaro Uda of Tohoku Imperial University, assisted by his colleague Hidetsugu Yagi. The Yagi Antenna was widely used during World War II. After the war they saw extensive development as home television antennas."
Robert H. Goddard,1926,1926,,,Robert H. Goddard launches the first liquid fueled rocket.
Harry Ferguson,1926,1926,,,"Harry Ferguson, patents the Three-point hitch equipment linkage system for tractors."
John Logie Baird,1926,1926,,,John Logie Baird demonstrates the world's first live working television system.
quartz clock,1927,1927,,,The quartz clock is invented by Warren Marrison and J.W. Horton at Bell Telephone Laboratories.
Penicillin,1928,1928,,,"Penicillin is first observed to exude antibiotic substances by Nobel laureate Alexander Fleming. Development of medicinal penicillin is attributed to a team of medics and scientists including Howard Walter Florey, Ernst Chain and Norman Heatley."
Frank Whittle,1928,1928,,,"Frank Whittle formally submitted his ideas for a turbo-jet engine. In October 1929, he developed his ideas further. On 16 January 1930, Whittle submitted his first patent (granted in 1932)."
Philo Farnsworth,1928,1928,,,Philo Farnsworth demonstrates the first practical electronic television to the press.
ball screw,1929,1929,,,The ball screw is invented by Rudolph G. Boehm.
Supersonic combusting ramjet,1930,1930,,,The Supersonic combusting ramjet — Frank Whittle.[citation needed]
Phase-contrast microscopy,1930,1930,,,The Phase-contrast microscopy is invented by Frits Zernike.
electron microscope,1931,1931,,,The electron microscope is invented by Ernst Ruska.
FM radio,1933,1933,,,FM radio is patented by inventor Edwin H. Armstrong.
Harry C. Jennings Sr. and Herbert Everest,1933,1933,,,"Harry C. Jennings Sr. and Herbert Everest, both mechanical engineers, invented the first lightweight, steel, folding, portable wheelchair with their ""X-brace"" design."
Nylon,1935,1935,,,"Nylon, the first fully synthetic fiber is produced by Wallace Carothers while working at DuPont."
Z1,1938,1938,,,"Z1, built by Konrad Zuse, is the first freely programmable computer in the world."
Nuclear fission,1938,1938,,,"Nuclear fission discovered in experiment by chemists Otto Hahn and Fritz Strassmann and physicists Lise Meitner and Otto Robert Frisch. The German nuclear energy project was based on this research. The Tube Alloys project and, subsequently, the Manhattan Project and the Soviet atomic bomb project were influenced by this research."
Naum Gurvich,1939,1939,,,G. S. Yunyev or Naum Gurvich invented the electric current defibrillator
John Vincent Atanasoff,1939,1939,,,John Vincent Atanasoff invented the first electronic digital computer
Pu-239 isotope,1940,1940,,,Pu-239 isotope (isotope of plutonium) a form of matter existing with the capacity for use as a destructive element (because the isotope has an exponentially increasing spontaneous fissile decay) within nuclear devices — Glenn Seaborg.
John Randall,1940,1940,,,"John Randall and Harry Boot would develop the high power, microwave generating, cavity magnetron, later applied to commercial Radar and Microwave oven appliances."
Polyester,1941,1941,,,Polyester is invented by John Rex Whinfield and James Dickson.
V-2 rocket,1942,1942,,,"The V-2 rocket, the world's first long range ballistic missile, developed by engineer Wernher von Braun."
Enrico Fermi,1942,1942,,,Enrico Fermi developed the nuclear reactor and created the first controlled nuclear chain reaction
Manhattan Project,1945,1945,,,The atomic bomb is developed by the Manhattan Project and swiftly used in August 1945 in the atomic bombings of Hiroshima and Nagasaki.
Percy Spencer,1945,1945,,,"Percy Spencer, while employed at Raytheon, would patent a magnetron based microwave oven."
Willard Libby,1945,1945,,,"Willard Libby began his work on radiocarbon dating. He published his paper in 1946, a second paper in Science in 1947. Libby and James Arnold succeeded with the radiocarbon dating theory after results were published in Science in December 1949."
James Martin,1946,1946,,,"James Martin invents the ejector seat, inspired by the death of his friend and test pilot Captain Valentine Baker in an aeroplane crash in 1942."
Holography,1947,1947,,,Holography is invented by Dennis Gabor.
Stanolind Oil and Gas Corporation,1947,1947,,,Floyd Farris and J.B. Clark (Stanolind Oil and Gas Corporation) invents hydraulic fracturing technology.
transistor,1947,1947,,,"The first transistor, a bipolar point-contact transistor, is invented by John Bardeen and Walter Brattain under the supervision of William Shockley at Bell Labs."
atomic clock,1948,1948,,,The first atomic clock is developed at the National Bureau of Standards.
Basic oxygen steelmaking,1948,1948,,,"Basic oxygen steelmaking is developed by Robert Durrer. The majority of steel manufactured in the world is produced using the basic oxygen furnace; in 2000, it accounted for 60% of global steel output."
Bertie the Brain,1950,1950,,,"Bertie the Brain, debatably the first video game, is displayed to the public at the Canadian National Exhibition."
Tokamak,1950,1950,,,The Toroidal chamber with axial magnetic fields (the Tokamak) is developed by Igor E. Tamm and Andrei D. Sakharov.
float glass process,1952,1952,,,The float glass process is developed by Alastair Pilkington.
thermonuclear weapon,1952,1952,,,The first thermonuclear weapon is developed.
video tape recorder,1953,1953,,,"The first video tape recorder, a helical scan recorder, is invented by Norikazu Sawazaki."
Calvin Souther Fuller,1954,1954,,,"Invention of the solar battery by Bell Telephone scientists, Calvin Souther Fuller, Daryl Chapin and Gerald Pearson capturing the Sun's power. First practical means of collecting energy from the Sun and turning it into a current of electricity."
hovercraft,1955,1955,,,The hovercraft is patented by Christopher Cockerell.
Jonas Salk,1955,1955,,,Jonas Salk received the license for his inactivated polio vaccine
intermodal container,1955,1955,,,The intermodal container is developed by Malcom McLean.
hard disk drive,1956,1956,,,The hard disk drive is invented by IBM.
Logic Theorist,1956,1956,,,"The Logic Theorist computer program, the first ""artificial intelligence program"", was written and invented by Allen Newell, Herbert A. Simon, and Cliff Shaw."
laser,1957,1957,,,The laser and optical amplifier are invented and named by Gordon Gould and Charles Townes. The laser and optical amplifier are foundational to powering the Internet.
personal computer,1957,1957,,,"The first personal computer used by one person and controlled by a keyboard, the IBM 610, is invented by IBM."
satellite,1957,1957,,,"The first artificial satellite, Sputnik 1, is launched."
integrated circuit,1958,1958,,,– 1959: The integrated circuit is independently invented by Jack Kilby and Robert Noyce.
MOSFET,1959,1959,,,"The MOSFET (MOS transistor) is invented by the Egyptian Mohamed Atalla and the Korean Dawon Kahng at Bell Labs. It is used in almost all modern electronic products. It was smaller, faster, more reliable and cheaper to manufacture than earlier bipolar transistors, leading to a revolution in computers, controls and communication."
laser,1960,1960,,,The first functioning laser is invented by Theodore Maiman.
robotic exoskeleton,1960,1960,,,First robotic exoskeleton
electronic cigarette,1963,1963,,,The first electronic cigarette is created by Herbert A. Gilbert. Hon Lik is often credited with its invention as he developed the modern electronic cigarette and was the first to commercialize it.
Shinkansen,1964,1964,,,"Shinkansen, the first high-speed rail commercial passenger service."
Kevlar,1965,1965,,,Kevlar is invented by Stephanie Kwolek at DuPont.
Royal Radar Establishment,1967,1967,,,E. A. Johnson of the Royal Radar Establishment developed the capacitive touch display or touchscreen
NPL network,1969,1969,,,"The NPL network followed by the ARPANET implement packet switching for data communication, drawing on the concepts and designs of Donald Davies, and Paul Baran. These are considered precursors to the modern Internet."
Public-key cryptography,1970,1970,,,"s: Public-key cryptography is invented and developed by James H. Ellis, Clifford Cocks, Malcolm J. Williamson, Whitfield Diffie, Martin Hellman, Ralph Merkle, Ron Rivest, Adi Shamir, Leonard Adleman, et al."
pocket calculator,1970,1970,,,The pocket calculator is invented.
microprocessor,1971,1971,,,"The first single-chip microprocessor, the Intel 4004, is invented. Its development was led by Federico Faggin, using his silicon-gate MOS technology. This led to the personal computer (PC) revolution."
space station,1971,1971,,,"The first space station, Salyut 1, is launched."
IBM,1971,1971,,,IBM developed and released the world's first floppy disk and disk drive.
video game console,1972,1972,,,"The first video game console, used primarily for playing video games on a TV, is the Magnavox Odyssey."
Herbert Boyer,1972,1972,,,Herbert Boyer and Stanley Cohen developed genetic modification when they successfully modified DNA
Optelecom,1973,1973,,,The first fiber optic communication systems were developed by Optelecom.
graphical user interface,1973,1973,,,The first commercial graphical user interface is introduced in 1973 on the Xerox Alto. The modern GUI is later popularized by the Xerox Star and Apple Lisa.
capacitive touchscreen,1973,1973,,,The first capacitive touchscreen is developed at CERN.
Transmission Control Program,1974,1974,,,"The Transmission Control Program is proposed by Vinton Cerf and Robert E. Kahn, building on the work of Louis Pouzin and other Internet pioneers, creating the basis for the modern Internet."
lithium-ion battery,1974,1974,,,"The lithium-ion battery is invented by M. Stanley Whittingham, and further developed in the 1980s and 1990s by John B. Goodenough, Rachid Yazami and Akira Yoshino. It has impacted modern consumer electronics and electric vehicles."
Rubik's cube,1974,1974,,,The Rubik's cube is invented by Ernő Rubik which went on to be the best selling puzzle ever.
home automation,1975,1975,,,"First general purpose home automation network technology, X10, was developed"
DNA sequencing,1977,1977,,,Dr Walter Gilbert and Frederick Sanger invented a new DNA sequencing method for which they won the Nobel Prize.
self-driving car,1977,1977,,,The first self-driving car that did not rely upon rails or wires under the road is designed by the Tsukuba Mechanical Engineering Laboratory.
Global Positioning System,1978,1978,,,"The Global Positioning System (GPS) enters service. While not the first Satellite navigation system, it is the first to enter widespread civilian use"
in vitro fertilization,1978,1978,,,"Birth of the first child through in vitro fertilization (IVF), based on the research of Patrick Steptoe and Robert Edwards"
Microvision,1979,1979,,,"The first handheld game console with interchangeable game cartridges, the Microvision is released."
Nippon Telegraph and Telephone,1979,1979,Japan,,Nippon Telegraph and Telephone (NTT) launched the first cellular network in Japan.
CompuServe,1979,1979,,,"Public dialup information, messaging and e-commerce services, were pioneered through CompuServe and RadioShack's MicroNET, and the UK's Post Office Telecommunications Prestel services."
Flash memory,1980,1980,,,Flash memory (both NOR and NAND types) was invented by Fujio Masuoka while working for Toshiba. It was introduced to the public in 1984.
Mark Skolnick,1980,1980,,,"Scientists Mark Skolnick, Ron Davis, Ray White, and David Botstein published their findings on a gene mapping tool using Restriction Fragment-length Polymorphisms (RFLP), that would have applications to identify heritable disorders, including some forms of cancer."
reusable spacecraft,1981,1981,,,"The first reusable spacecraft, the Space Shuttle undergoes test flights ahead of full operation in 1982"
Kane Kramer,1981,1981,,,"Kane Kramer develops the credit card-sized, IXI digital media player."
Televerket,1981,1981,,,"Televerket, a Swedish state-owned corporation, launched the Nordic Mobile Telephone (NMT) system."
Comvik,1981,1981,,,"Comvik, a Swedish telecommunications company, launched the first commercial automatic cellular system. However, according to the Swedish Post and Telecom Authority, the company launched an unlicensed automatic system. Comvik didn't receive a license to operate until December 1981, two months after the NMT system was launched."
CD-ROM,1982,1982,,,"A CD-ROM contains data accessible to, but not writable by, a computer for data storage and music playback. The 1985 Yellow Book standard developed by Sony and Philips adapted the format to hold any form of binary data."
satellite television,1982,1982,,,"Direct to home satellite television transmission, with the launch of Sky One service."
laptop,1982,1982,,,"The first laptop computer is launched, the 8/16-bit Epson HX-20."
Stereolithography,1983,1983,,,Stereolithography is invented by Chuck Hull.
AT&T,1983,1983,Chicago,,"Ameritech, now known as AT&T, commercialized the Bell System (its cellular network) in Chicago, Ill."
cell phone,1984,1984,,,"The first commercially available cell phone in the US, the DynaTAC 8000X, is created by Motorola."
Chuck Hull,1984,1984,,,"Chuck Hull patents the stereolithography (SLA) process, also known as 3D printing"
DNA profiling,1984,1984,,,DNA profiling is pioneered by Alec Jeffreys.
Technophone,1986,1986,,,"Technophone, a British mobile phone company, created the first pocket-sized cell phone, the Excell PCT105."
Karlheinz Brandenburg,1989,1989,,,"Karlheinz Brandenburg would publish the audio compression algorithms that would be standardised as the: MPEG-1, layer 3 (mp3), and later the MPEG-2, layer 7 Advanced Audio Compression (AAC)."
World Wide Web,1989,1989,,,The World Wide Web is invented by computer scientist Tim Berners-Lee.
Archie,1990,1990,,,"The first search engine, ""Archie"", was created by Alan Emtage, Bill Heelan, and Peter J. Deutsch at McGill University"
solid-state drive,1991,1991,,,The first commercial flash-based solid-state drive is launched by SunDisk.
sim card,1991,1991,,,The first sim card is developed by Munich smart-card maker Giesecke & Devrient
IBM Simon,1994,1994,,,"IBM Simon, the world's first smartphone, is developed by IBM. It had a touchscreen and the first built-in apps for a mobile device."
Bluetooth,1994,1994,,,First generation of Bluetooth is developed by Ericsson Mobile. A form of data communication on short distances between electronic devices
Tetris,1994,1994,,,A Tetris variant on the Hagenuk MT-2000 device becomes the first mobile game
DVD,1995,1995,,,"DVD is an optical disc storage format, invented and developed by Philips, Sony, Toshiba, and Panasonic. DVDs offer higher storage capacity than compact discs while having the same dimensions."
Ciena Corporation,1996,1996,,,"The Ciena Corporation, in partnership with Sprint, deployed the first commercial dense wavelength-division multiplexing system, which created the massive capacity of the Internet."
Nokia 9000 Communicator,1996,1996,,,"Mobile web was first commercially offered in Finland on the Nokia 9000 Communicator phone, and it was also the first phone with texting"
Bolt,1996,1996,,,Bolt and Six Degrees (1997) both become the first social media sites.
Myriad Genetics,1996,1996,,,"Myriad Genetics released the BRACAnalysis, the first commercial genetic test for assessing the risk of hereditary breast and ovarian cancer."
Google,1998,1998,,,"The search engine Google, is launched."
capsule endoscopy,1999,1999,,,"The first capsule endoscopy was performed, after being invented in the mid-1990s by Gavriel Iddan"
digital video recorder,1999,1999,,,"The first digital video recorder (DVR), the TiVo, is launched"
NTT DoCoMo,1999,1999,,,"NTT DoCoMo launches i-mode, the first integrated Online App store for mobile phones"
Food and Drug Administration,2001,2001,,,The Food and Drug Administration approved the first contraceptive patch
Android operating system,2003,2003,,,Development of the Android operating system for mobile devices
podcast,2004,2004,,,"First podcast, invented by Adam Curry and Dave Wine"
YouTube,2005,2005,,,"YouTube, the first popular video-streaming site, was founded by Jawed Karim"
Amazon,2006,2006,,,Amazon pioneered cloud computing
Apple Inc.,2007,2007,,,Apple Inc. released the iPhone
Kindle,2007,2007,,,First Kindle e-reader introduced by Amazon
video on demand,2007,2007,,,Subscription video on demand first offered by Netflix and Hulu
Satoshi Nakamoto,2008,2008,,,Satoshi Nakamoto develops the first blockchain.
quantum machine,2009,2009,,,The first quantum machine was created by Aaron D. O'Connell
synthetic organism,2010,2010,,,"The first synthetic organism, Mycoplasma laboratorium is created by the J. Craig Venter Institute"
Lidar,2010,2010,,,"Solid-state Lidar technology was introduced, replacing mechanical scanning with electronic beam steering"
Siri,2011,2011,,,"Apple released Siri, the first major company's virtual assistant"
Pepper,2014,2014,,,"Introduction of Pepper, the first commercial humanoid robot"
Amazon Echo,2014,2014,,,"Introduction of the Amazon Echo alongside Amazon Alexa, introducing smart home technology to homes"
CRISPR gene editing,2015,2015,,,Discovery of CRISPR gene editing method
OpenAI,2016,2016,,,OpenAI was introduced by Elon Musk and Sam Altman
artificial pancreas,2016,2016,,,First commercially available artificial pancreas
SpaceX,2016,2016,,,First successful launch of a multi-use rocket by SpaceX
IBM,2019,2019,,,"IBM launches IBM Q System One, its first integrated quantum computing system for commercial use."
5G,2019,2019,,,5G broadband cellular network technology introduced
MRNA vaccine,2020,2020,,,"The first MRNA vaccine to be approved by public health medicines regulators is co-developed by Pfizer and BioNTech for COVID-19, with the potential to treat other diseases and cancer"
OpenAI,2020,2020,,,OpenAI demonstrated an Artificial Intelligence model called GPT-3. The program was created to generate human-like responses when given prompts.
ChatGPT,2022,2022,,,"ChatGPT is launched to the public, making it the first mainstream generative AI to be released"
1890–1945,1890,1890,,,–1945
